,V1,V2
1,0,0
2,0,789
3,1,1
4,1,419
5,1,715
6,1,255
7,2,2
8,2,162
9,2,955
10,3,3
11,3,820
12,3,704
13,3,87
14,4,4
15,4,76
16,4,176
17,4,669
18,4,70
19,5,5
20,5,644
21,5,315
22,5,796
23,6,6
24,6,947
25,6,701
26,6,1094
27,7,7
28,7,163
29,8,8
30,8,645
31,8,360
32,8,1109
33,9,9
34,9,777
35,10,10
36,10,795
37,11,11
38,11,149
39,11,1031
40,11,484
41,11,589
42,12,12
43,12,303
44,12,853
45,12,298
46,13,13
47,13,78
48,13,122
49,13,300
50,13,346
51,14,14
52,14,589
53,15,15
54,15,277
55,16,16
56,16,233
57,16,1118
58,16,104
59,16,88
60,17,17
61,17,685
62,17,56
63,17,373
64,17,826
65,18,18
66,18,447
67,18,643
68,18,34
69,19,19
70,19,964
71,19,247
72,20,20
73,20,109
74,20,628
75,20,1085
76,21,21
77,21,728
78,22,22
79,22,1124
80,22,42
81,22,492
82,22,753
83,23,23
84,23,705
85,23,619
86,24,24
87,24,475
88,25,25
89,26,26
90,26,672
91,26,675
92,26,494
93,26,835
94,27,27
95,27,440
96,27,433
97,27,1025
98,28,28
99,29,29
100,29,73
101,29,822
102,29,794
103,30,30
104,30,1029
105,31,31
106,31,770
107,31,565
108,32,32
109,32,256
110,32,33
111,33,33
112,33,509
113,33,381
114,33,32
115,33,711
116,34,34
117,34,512
118,34,959
119,34,18
120,34,447
121,35,35
122,35,212
123,35,1043
124,36,36
125,36,920
126,36,1119
127,37,37
128,37,210
129,37,1030
130,38,38
131,38,132
132,38,968
133,38,480
134,38,772
135,39,39
136,39,655
137,39,840
138,40,40
139,40,949
140,40,656
141,41,41
142,41,1036
143,42,42
144,42,556
145,42,22
146,42,984
147,43,43
148,43,1076
149,43,860
150,43,213
151,44,44
152,44,976
153,44,909
154,44,772
155,45,45
156,45,591
157,45,740
158,45,520
159,46,46
160,46,632
161,46,994
162,47,47
163,47,638
164,48,48
165,48,76
166,49,49
167,49,642
168,49,844
169,49,430
170,49,319
171,50,50
172,50,1090
173,50,778
174,50,660
175,50,964
176,51,51
177,51,330
178,51,196
179,51,566
180,51,665
181,52,52
182,52,496
183,52,687
184,53,53
185,53,767
186,53,153
187,53,94
188,53,1093
189,54,54
190,54,228
191,55,55
192,55,324
193,55,605
194,56,56
195,56,17
196,56,685
197,56,373
198,57,57
199,58,58
200,59,59
201,59,545
202,59,319
203,60,60
204,61,61
205,62,62
206,62,543
207,62,326
208,63,63
209,63,798
210,63,66
211,64,64
212,64,404
213,64,461
214,65,65
215,65,619
216,66,66
217,66,798
218,67,67
219,67,474
220,67,446
221,68,68
222,68,435
223,68,360
224,68,991
225,69,69
226,69,479
227,69,178
228,70,70
229,70,176
230,70,414
231,70,1096
232,70,4
233,71,71
234,71,216
235,71,351
236,72,72
237,72,449
238,72,755
239,73,73
240,73,29
241,73,822
242,74,74
243,75,75
244,75,85
245,76,76
246,76,4
247,76,48
248,76,452
249,76,656
250,77,77
251,77,395
252,77,289
253,77,1082
254,78,78
255,78,13
256,78,346
257,78,978
258,79,79
259,79,594
260,80,80
261,80,852
262,80,972
263,80,352
264,81,81
265,81,640
266,81,919
267,82,82
268,82,617
269,83,83
270,83,1111
271,83,455
272,83,193
273,83,1035
274,84,84
275,84,1012
276,85,85
277,85,140
278,85,800
279,85,927
280,85,75
281,86,86
282,86,625
283,86,626
284,86,860
285,86,993
286,87,87
287,87,704
288,87,3
289,87,1037
290,88,88
291,88,1118
292,88,334
293,88,1099
294,88,16
295,89,89
296,89,264
297,89,467
298,90,90
299,90,809
300,91,91
301,91,1032
302,91,833
303,92,92
304,92,865
305,93,93
306,93,1091
307,93,550
308,93,194
309,93,204
310,94,94
311,94,1086
312,94,53
313,94,153
314,95,95
315,95,111
316,95,421
317,95,546
318,95,472
319,96,96
320,96,950
321,96,1027
322,96,842
323,97,97
324,97,875
325,97,739
326,97,698
327,97,575
328,98,98
329,98,558
330,98,678
331,98,890
332,98,641
333,99,99
334,99,781
335,99,279
336,99,230
337,99,1086
338,100,100
339,100,673
340,100,761
341,100,499
342,101,101
343,101,379
344,101,924
345,101,435
346,102,102
347,102,624
348,102,454
349,102,785
350,102,490
351,103,103
352,103,393
353,103,1067
354,103,885
355,104,104
356,104,16
357,105,105
358,105,174
359,106,106
360,106,592
361,107,107
362,107,639
363,108,108
364,108,970
365,108,209
366,109,109
367,109,20
368,109,917
369,110,110
370,110,998
371,110,973
372,110,1120
373,111,111
374,111,95
375,111,989
376,111,261
377,111,546
378,112,112
379,113,113
380,113,452
381,113,528
382,113,596
383,114,114
384,114,283
385,114,353
386,114,996
387,114,183
388,115,115
389,115,219
390,116,116
391,116,606
392,116,383
393,117,117
394,117,1022
395,117,257
396,118,118
397,118,804
398,119,119
399,119,929
400,119,272
401,119,566
402,120,120
403,120,534
404,120,945
405,120,1080
406,121,121
407,121,409
408,121,1003
409,121,232
410,122,122
411,122,300
412,122,841
413,122,858
414,122,13
415,123,123
416,123,831
417,124,124
418,124,793
419,124,140
420,124,1067
421,125,125
422,125,363
423,126,126
424,126,504
425,127,127
426,128,128
427,128,950
428,128,969
429,129,129
430,130,130
431,130,407
432,131,131
433,131,881
434,131,746
435,131,1018
436,132,132
437,132,38
438,132,480
439,133,133
440,133,351
441,134,134
442,134,1039
443,134,581
444,135,135
445,135,332
446,135,151
447,135,912
448,136,136
449,136,754
450,137,137
451,137,487
452,137,606
453,138,138
454,138,725
455,138,265
456,138,752
457,138,217
458,139,139
459,140,140
460,140,85
461,140,811
462,140,927
463,141,141
464,142,142
465,142,652
466,142,1026
467,142,951
468,143,143
469,143,375
470,144,144
471,144,946
472,145,145
473,145,181
474,145,1107
475,146,146
476,146,796
477,146,665
478,147,147
479,147,1008
480,147,197
481,147,1053
482,147,937
483,148,148
484,149,149
485,149,11
486,149,1031
487,150,150
488,150,505
489,151,151
490,151,812
491,151,135
492,152,152
493,152,1038
494,153,153
495,153,938
496,153,53
497,153,94
498,153,867
499,154,154
500,154,544
501,155,155
502,155,486
503,155,385
504,156,156
505,156,577
506,157,157
507,157,225
508,157,981
509,158,158
510,158,573
511,159,159
512,159,372
513,159,900
514,159,256
515,159,981
516,160,160
517,160,1099
518,160,334
519,161,161
520,162,162
521,162,2
522,162,955
523,162,801
524,163,163
525,163,269
526,163,354
527,163,7
528,163,468
529,164,164
530,164,711
531,164,722
532,164,414
533,165,165
534,165,1089
535,165,648
536,166,166
537,166,871
538,167,167
539,167,977
540,168,168
541,168,1084
542,168,312
543,168,657
544,168,706
545,169,169
546,169,604
547,169,922
548,170,170
549,170,812
550,170,478
551,170,343
552,171,171
553,171,764
554,171,974
555,172,172
556,172,382
557,172,327
558,172,845
559,173,173
560,173,463
561,174,174
562,174,105
563,174,1051
564,174,237
565,175,175
566,175,818
567,175,251
568,175,919
569,175,164
570,176,176
571,176,70
572,176,414
573,176,1096
574,176,4
575,177,177
576,177,524
577,178,178
578,178,69
579,178,894
580,178,182
581,178,886
582,179,179
583,180,180
584,180,391
585,180,1010
586,181,181
587,181,563
588,181,145
589,181,311
590,181,625
591,182,182
592,182,894
593,182,689
594,182,886
595,182,178
596,183,183
597,183,353
598,183,562
599,183,996
600,183,114
601,184,184
602,185,185
603,185,759
604,186,186
605,186,863
606,186,784
607,186,581
608,187,187
609,187,843
610,187,1006
611,188,188
612,188,466
613,189,189
614,189,584
615,190,190
616,190,656
617,190,722
618,191,191
619,192,192
620,193,193
621,193,83
622,194,194
623,194,851
624,194,93
625,195,195
626,195,466
627,196,196
628,196,726
629,196,796
630,196,51
631,197,197
632,197,147
633,197,1008
634,197,937
635,197,1053
636,198,198
637,198,991
638,198,1024
639,199,199
640,199,1014
641,199,291
642,199,753
643,200,200
644,200,613
645,200,701
646,200,249
647,200,688
648,201,201
649,201,441
650,201,575
651,201,834
652,202,202
653,202,694
654,202,916
655,202,236
656,202,491
657,203,203
658,203,280
659,203,874
660,204,204
661,204,1091
662,204,834
663,204,550
664,204,93
665,205,205
666,205,855
667,205,1070
668,205,595
669,205,952
670,206,206
671,206,981
672,207,207
673,207,1030
674,208,208
675,209,209
676,209,108
677,210,210
678,210,708
679,210,37
680,210,625
681,210,554
682,211,211
683,211,775
684,212,212
685,212,35
686,212,596
687,212,601
688,213,213
689,213,738
690,213,721
691,213,43
692,214,214
693,214,979
694,214,1122
695,215,215
696,215,730
697,215,623
698,216,216
699,216,983
700,216,71
701,216,351
702,217,217
703,217,265
704,217,752
705,217,138
706,217,725
707,218,218
708,218,695
709,218,464
710,219,219
711,219,474
712,219,115
713,220,220
714,220,680
715,220,975
716,220,513
717,221,221
718,221,269
719,221,517
720,222,222
721,222,576
722,222,634
723,222,603
724,223,223
725,224,224
726,224,282
727,224,863
728,224,1015
729,225,225
730,225,157
731,226,226
732,226,459
733,226,579
734,226,567
735,227,227
736,227,1084
737,228,228
738,228,1056
739,228,290
740,228,54
741,229,229
742,230,230
743,230,686
744,230,410
745,230,781
746,230,99
747,231,231
748,231,956
749,231,477
750,232,232
751,232,778
752,232,121
753,232,458
754,232,782
755,233,233
756,233,16
757,233,1118
758,234,234
759,234,282
760,234,387
761,234,1015
762,235,235
763,235,1096
764,236,236
765,236,916
766,236,821
767,236,202
768,236,694
769,237,237
770,237,174
771,237,501
772,237,602
773,238,238
774,239,239
775,239,700
776,239,735
777,240,240
778,240,1015
779,240,743
780,241,241
781,241,687
782,241,907
783,242,242
784,243,243
785,243,1017
786,243,1044
787,244,244
788,245,245
789,245,835
790,246,246
791,246,429
792,247,247
793,247,19
794,248,248
795,248,301
796,248,1016
797,248,892
798,249,249
799,249,1038
800,249,322
801,249,200
802,249,152
803,250,250
804,250,904
805,250,491
806,251,251
807,251,175
808,252,252
809,253,253
810,253,696
811,253,1020
812,253,388
813,253,1120
814,254,254
815,254,533
816,255,255
817,256,256
818,256,32
819,256,159
820,256,372
821,257,257
822,257,860
823,257,117
824,258,258
825,258,614
826,259,259
827,260,260
828,260,600
829,261,261
830,261,1032
831,261,1046
832,261,111
833,262,262
834,262,532
835,262,749
836,262,779
837,262,367
838,263,263
839,263,1059
840,263,502
841,263,1013
842,263,814
843,264,264
844,264,89
845,264,467
846,265,265
847,265,725
848,265,217
849,265,752
850,265,138
851,266,266
852,266,400
853,267,267
854,268,268
855,268,481
856,269,269
857,269,163
858,269,221
859,270,270
860,270,862
861,270,1081
862,270,630
863,271,271
864,271,279
865,272,272
866,272,119
867,272,929
868,272,330
869,273,273
870,273,485
871,274,274
872,275,275
873,275,276
874,275,911
875,275,784
876,275,1055
877,276,276
878,276,275
879,277,277
880,277,15
881,278,278
882,279,279
883,279,271
884,279,99
885,279,1086
886,280,280
887,280,403
888,280,874
889,280,203
890,280,825
891,281,281
892,281,882
893,281,994
894,281,1100
895,282,282
896,282,234
897,282,224
898,282,578
899,283,283
900,283,305
901,283,114
902,284,284
903,284,1046
904,284,531
905,284,522
906,284,1019
907,285,285
908,286,286
909,286,894
910,287,287
911,287,741
912,287,962
913,287,576
914,288,288
915,288,1028
916,289,289
917,289,77
918,289,395
919,290,290
920,290,794
921,290,378
922,290,228
923,290,1010
924,291,291
925,291,470
926,291,961
927,291,992
928,291,199
929,292,292
930,293,293
931,293,635
932,294,294
933,294,928
934,294,952
935,294,1070
936,295,295
937,295,736
938,296,296
939,296,814
940,296,915
941,297,297
942,297,518
943,298,298
944,298,12
945,299,299
946,300,300
947,300,122
948,300,13
949,300,679
950,300,677
951,301,301
952,301,248
953,301,1016
954,301,892
955,301,946
956,302,302
957,302,626
958,302,384
959,303,303
960,303,12
961,303,910
962,304,304
963,304,756
964,305,305
965,305,283
966,306,306
967,306,976
968,307,307
969,307,1049
970,307,1085
971,308,308
972,308,883
973,308,488
974,308,881
975,309,309
976,309,55
977,310,310
978,310,785
979,311,311
980,311,181
981,311,993
982,312,312
983,312,706
984,312,657
985,312,168
986,312,1084
987,313,313
988,314,314
989,314,913
990,314,753
991,314,748
992,314,591
993,315,315
994,315,791
995,315,5
996,315,644
997,316,316
998,316,854
999,316,486
1000,316,342
1001,317,317
1002,317,401
1003,317,1061
1004,318,318
1005,319,319
1006,319,545
1007,319,59
1008,319,49
1009,319,642
1010,320,320
1011,321,321
1012,321,814
1013,321,915
1014,322,322
1015,322,688
1016,322,249
1017,322,1038
1018,322,152
1019,323,323
1020,323,801
1021,324,324
1022,324,55
1023,324,369
1024,325,325
1025,325,722
1026,326,326
1027,326,496
1028,326,543
1029,326,62
1030,326,549
1031,327,327
1032,327,172
1033,327,398
1034,327,382
1035,327,652
1036,328,328
1037,328,428
1038,329,329
1039,330,330
1040,330,51
1041,330,929
1042,330,272
1043,331,331
1044,332,332
1045,332,368
1046,332,135
1047,332,343
1048,333,333
1049,333,708
1050,334,334
1051,334,160
1052,334,88
1053,334,768
1054,335,335
1055,335,765
1056,336,336
1057,336,579
1058,336,692
1059,337,337
1060,337,922
1061,337,363
1062,338,338
1063,339,339
1064,340,340
1065,340,554
1066,341,341
1067,341,1088
1068,341,406
1069,341,418
1070,342,342
1071,342,371
1072,342,316
1073,343,343
1074,343,170
1075,343,332
1076,344,344
1077,344,568
1078,344,993
1079,344,922
1080,345,345
1081,345,632
1082,345,633
1083,346,346
1084,346,978
1085,346,78
1086,346,994
1087,346,13
1088,347,347
1089,348,348
1090,348,879
1091,348,1076
1092,349,349
1093,349,939
1094,349,513
1095,349,593
1096,350,350
1097,350,384
1098,351,351
1099,351,133
1100,351,71
1101,351,216
1102,352,352
1103,352,774
1104,352,80
1105,352,787
1106,352,972
1107,353,353
1108,353,183
1109,353,996
1110,353,114
1111,353,562
1112,354,354
1113,354,163
1114,354,647
1115,355,355
1116,355,776
1117,355,854
1118,355,316
1119,356,356
1120,356,409
1121,357,357
1122,358,358
1123,358,699
1124,358,990
1125,358,445
1126,359,359
1127,359,887
1128,359,605
1129,360,360
1130,360,1109
1131,360,8
1132,360,68
1133,361,361
1134,361,836
1135,362,362
1136,362,55
1137,363,363
1138,363,125
1139,363,850
1140,364,364
1141,365,365
1142,365,627
1143,365,683
1144,365,763
1145,365,777
1146,366,366
1147,366,206
1148,367,367
1149,367,779
1150,367,749
1151,367,954
1152,367,262
1153,368,368
1154,368,332
1155,368,493
1156,369,369
1157,369,938
1158,369,324
1159,369,710
1160,370,370
1161,370,768
1162,370,422
1163,370,425
1164,371,371
1165,371,342
1166,371,471
1167,371,969
1168,372,372
1169,372,159
1170,372,883
1171,372,256
1172,373,373
1173,373,685
1174,373,826
1175,373,17
1176,373,56
1177,374,374
1178,374,445
1179,374,658
1180,374,990
1181,374,734
1182,375,375
1183,375,937
1184,375,143
1185,376,376
1186,376,473
1187,376,630
1188,377,377
1189,377,1065
1190,377,648
1191,378,378
1192,378,290
1193,378,391
1194,378,794
1195,379,379
1196,379,101
1197,379,924
1198,379,497
1199,380,380
1200,381,381
1201,381,588
1202,381,33
1203,382,382
1204,382,172
1205,382,398
1206,382,327
1207,382,652
1208,383,383
1209,383,606
1210,383,1091
1211,383,116
1212,384,384
1213,384,350
1214,384,1069
1215,384,302
1216,384,626
1217,385,385
1218,385,594
1219,385,155
1220,386,386
1221,386,1085
1222,386,551
1223,386,918
1224,387,387
1225,387,815
1226,387,234
1227,388,388
1228,388,1120
1229,388,253
1230,388,696
1231,388,973
1232,389,389
1233,389,679
1234,389,953
1235,389,392
1236,390,390
1237,390,510
1238,390,607
1239,390,820
1240,391,391
1241,391,1010
1242,391,180
1243,391,378
1244,391,794
1245,392,392
1246,392,1100
1247,392,389
1248,393,393
1249,393,103
1250,394,394
1251,394,785
1252,394,490
1253,394,1037
1254,394,454
1255,395,395
1256,395,771
1257,395,77
1258,395,289
1259,395,1082
1260,396,396
1261,396,495
1262,396,809
1263,396,727
1264,397,397
1265,397,857
1266,398,398
1267,398,382
1268,398,327
1269,399,399
1270,399,498
1271,399,891
1272,399,865
1273,400,400
1274,400,468
1275,400,906
1276,400,266
1277,401,401
1278,401,317
1279,402,402
1280,402,889
1281,403,403
1282,403,280
1283,403,628
1284,404,404
1285,404,907
1286,404,64
1287,404,1018
1288,405,405
1289,405,681
1290,405,983
1291,406,406
1292,406,318
1293,406,1121
1294,406,341
1295,407,407
1296,407,130
1297,407,743
1298,408,408
1299,408,848
1300,409,409
1301,409,121
1302,409,356
1303,410,410
1304,410,766
1305,410,230
1306,410,974
1307,410,781
1308,411,411
1309,412,412
1310,412,837
1311,412,1117
1312,413,413
1313,414,414
1314,414,176
1315,414,70
1316,414,519
1317,414,164
1318,415,415
1319,415,423
1320,415,782
1321,416,416
1322,416,756
1323,416,853
1324,417,417
1325,418,418
1326,418,1069
1327,418,341
1328,418,727
1329,419,419
1330,420,420
1331,420,780
1332,421,421
1333,421,472
1334,421,546
1335,421,522
1336,421,95
1337,422,422
1338,422,768
1339,422,615
1340,422,370
1341,422,500
1342,423,423
1343,423,415
1344,423,782
1345,423,458
1346,424,424
1347,425,425
1348,425,370
1349,426,426
1350,427,427
1351,427,432
1352,428,428
1353,428,328
1354,429,429
1355,429,246
1356,429,479
1357,429,692
1358,429,1090
1359,430,430
1360,430,529
1361,430,844
1362,430,49
1363,431,431
1364,432,432
1365,432,427
1366,433,433
1367,433,691
1368,433,27
1369,434,434
1370,435,435
1371,435,68
1372,435,1109
1373,435,840
1374,435,101
1375,436,436
1376,437,437
1377,438,438
1378,438,613
1379,438,728
1380,438,495
1381,439,439
1382,439,822
1383,440,440
1384,440,760
1385,440,27
1386,441,441
1387,441,201
1388,442,442
1389,442,563
1390,443,443
1391,444,444
1392,444,711
1393,444,427
1394,444,456
1395,444,1092
1396,445,445
1397,445,374
1398,445,699
1399,445,990
1400,445,358
1401,446,446
1402,446,484
1403,446,67
1404,447,447
1405,447,18
1406,447,632
1407,447,34
1408,448,448
1409,448,1087
1410,449,449
1411,449,72
1412,449,755
1413,450,450
1414,451,451
1415,451,401
1416,452,452
1417,452,113
1418,452,514
1419,452,76
1420,453,453
1421,454,454
1422,454,490
1423,454,1037
1424,454,102
1425,454,394
1426,455,455
1427,455,83
1428,455,1035
1429,455,702
1430,455,1111
1431,456,456
1432,456,757
1433,456,579
1434,457,457
1435,457,556
1436,458,458
1437,458,782
1438,458,803
1439,458,232
1440,458,423
1441,459,459
1442,459,226
1443,459,669
1444,460,460
1445,460,466
1446,461,461
1447,461,549
1448,461,746
1449,461,64
1450,462,462
1451,463,463
1452,463,173
1453,464,464
1454,464,218
1455,465,465
1456,465,537
1457,466,466
1458,466,195
1459,466,460
1460,466,188
1461,467,467
1462,467,264
1463,467,89
1464,468,468
1465,468,400
1466,468,163
1467,469,469
1468,469,829
1469,469,1094
1470,470,470
1471,470,291
1472,470,748
1473,471,471
1474,471,567
1475,471,371
1476,472,472
1477,472,421
1478,472,546
1479,472,780
1480,472,95
1481,473,473
1482,473,376
1483,473,501
1484,473,630
1485,474,474
1486,474,67
1487,474,219
1488,475,475
1489,475,24
1490,475,1068
1491,476,476
1492,476,1073
1493,477,477
1494,477,956
1495,477,231
1496,478,478
1497,478,170
1498,478,912
1499,479,479
1500,479,429
1501,479,69
1502,480,480
1503,480,654
1504,480,648
1505,480,38
1506,480,132
1507,481,481
1508,481,618
1509,481,268
1510,482,482
1511,482,980
1512,483,483
1513,484,484
1514,484,446
1515,484,827
1516,484,1031
1517,484,11
1518,485,485
1519,485,273
1520,486,486
1521,486,155
1522,486,707
1523,486,316
1524,487,487
1525,487,137
1526,487,1055
1527,488,488
1528,488,308
1529,489,489
1530,489,556
1531,489,591
1532,490,490
1533,490,454
1534,490,394
1535,490,1037
1536,490,102
1537,491,491
1538,491,250
1539,491,202
1540,492,492
1541,492,501
1542,492,22
1543,492,880
1544,493,493
1545,493,368
1546,494,494
1547,494,26
1548,494,672
1549,495,495
1550,495,396
1551,495,580
1552,495,438
1553,495,1000
1554,496,496
1555,496,326
1556,496,52
1557,497,497
1558,497,379
1559,498,498
1560,499,499
1561,499,673
1562,499,100
1563,500,500
1564,500,768
1565,500,615
1566,500,422
1567,501,501
1568,501,492
1569,501,237
1570,501,473
1571,501,992
1572,502,502
1573,502,263
1574,502,1059
1575,503,503
1576,504,504
1577,505,505
1578,505,150
1579,506,506
1580,507,507
1581,507,777
1582,507,697
1583,507,735
1584,508,508
1585,508,1075
1586,508,731
1587,509,509
1588,509,711
1589,509,33
1590,509,687
1591,510,510
1592,510,1045
1593,510,390
1594,511,511
1595,512,512
1596,512,34
1597,513,513
1598,513,349
1599,513,680
1600,513,220
1601,514,514
1602,514,548
1603,514,452
1604,515,515
1605,516,516
1606,516,1083
1607,516,57
1608,517,517
1609,517,1077
1610,517,221
1611,518,518
1612,518,297
1613,519,519
1614,519,414
1615,520,520
1616,520,524
1617,520,45
1618,521,521
1619,522,522
1620,522,763
1621,522,284
1622,522,421
1623,522,1046
1624,523,523
1625,524,524
1626,524,520
1627,524,177
1628,524,530
1629,525,525
1630,525,772
1631,525,968
1632,525,754
1633,526,526
1634,526,974
1635,527,527
1636,528,528
1637,528,113
1638,528,689
1639,529,529
1640,529,755
1641,529,430
1642,530,530
1643,530,524
1644,531,531
1645,531,1032
1646,531,284
1647,531,1046
1648,531,989
1649,532,532
1650,532,262
1651,532,749
1652,533,533
1653,533,646
1654,533,254
1655,534,534
1656,534,120
1657,535,535
1658,536,536
1659,537,537
1660,537,465
1661,538,538
1662,539,539
1663,539,810
1664,539,855
1665,539,1070
1666,539,824
1667,540,540
1668,540,925
1669,540,696
1670,541,541
1671,542,542
1672,542,585
1673,543,543
1674,543,326
1675,543,549
1676,543,62
1677,544,544
1678,544,154
1679,544,1021
1680,545,545
1681,545,319
1682,545,864
1683,545,59
1684,545,635
1685,546,546
1686,546,472
1687,546,421
1688,546,111
1689,546,95
1690,547,547
1691,548,548
1692,548,514
1693,549,549
1694,549,461
1695,549,601
1696,549,543
1697,549,326
1698,550,550
1699,550,1126
1700,550,93
1701,550,204
1702,550,1091
1703,551,551
1704,551,386
1705,551,825
1706,552,552
1707,552,1040
1708,552,1125
1709,553,553
1710,553,967
1711,553,1001
1712,554,554
1713,554,340
1714,554,1030
1715,554,210
1716,555,555
1717,556,556
1718,556,489
1719,556,42
1720,556,457
1721,556,913
1722,557,557
1723,557,758
1724,557,1040
1725,557,1114
1726,557,828
1727,558,558
1728,558,98
1729,558,890
1730,558,921
1731,558,792
1732,559,559
1733,559,476
1734,559,1073
1735,560,560
1736,561,561
1737,562,562
1738,562,712
1739,562,183
1740,562,996
1741,562,353
1742,563,563
1743,563,442
1744,564,564
1745,564,625
1746,565,565
1747,565,770
1748,565,31
1749,566,566
1750,566,929
1751,566,636
1752,566,51
1753,566,119
1754,567,567
1755,567,471
1756,567,226
1757,567,596
1758,568,568
1759,568,344
1760,568,715
1761,569,569
1762,570,570
1763,570,849
1764,571,571
1765,571,1102
1766,572,572
1767,573,573
1768,573,158
1769,573,677
1770,574,574
1771,574,100
1772,574,673
1773,575,575
1774,575,201
1775,575,97
1776,575,690
1777,576,576
1778,576,603
1779,576,222
1780,576,962
1781,576,287
1782,577,577
1783,577,156
1784,578,578
1785,578,1001
1786,578,610
1787,578,282
1788,578,1088
1789,579,579
1790,579,456
1791,579,750
1792,579,226
1793,580,580
1794,580,495
1795,581,581
1796,581,1055
1797,581,134
1798,581,186
1799,581,606
1800,582,582
1801,582,831
1802,582,902
1803,583,583
1804,583,835
1805,584,584
1806,585,585
1807,585,542
1808,585,990
1809,586,586
1810,586,1101
1811,587,587
1812,587,701
1813,588,588
1814,588,381
1815,588,687
1816,589,589
1817,589,14
1818,589,1031
1819,589,11
1820,590,590
1821,591,591
1822,591,45
1823,591,489
1824,591,314
1825,592,592
1826,592,1013
1827,592,106
1828,593,593
1829,593,982
1830,593,997
1831,593,719
1832,593,349
1833,594,594
1834,594,385
1835,594,935
1836,594,79
1837,595,595
1838,595,205
1839,596,596
1840,596,212
1841,596,689
1842,596,567
1843,596,113
1844,597,597
1845,597,1078
1846,597,708
1847,598,598
1848,598,923
1849,599,599
1850,600,600
1851,600,783
1852,600,1005
1853,600,260
1854,601,601
1855,601,212
1856,601,949
1857,601,549
1858,602,602
1859,602,992
1860,602,237
1861,603,603
1862,603,576
1863,603,634
1864,603,222
1865,603,962
1866,604,604
1867,604,169
1868,605,605
1869,605,887
1870,605,359
1871,605,55
1872,605,1112
1873,606,606
1874,606,116
1875,606,383
1876,606,137
1877,606,581
1878,607,607
1879,607,901
1880,607,390
1881,607,1022
1882,608,608
1883,609,609
1884,610,610
1885,610,1001
1886,610,578
1887,610,688
1888,611,611
1889,611,695
1890,612,612
1891,613,613
1892,613,438
1893,613,1030
1894,613,200
1895,614,614
1896,615,615
1897,615,1118
1898,615,422
1899,615,500
1900,615,1099
1901,616,616
1902,617,617
1903,617,82
1904,618,618
1905,618,481
1906,619,619
1907,619,65
1908,619,23
1909,620,620
1910,621,621
1911,621,1083
1912,621,698
1913,621,516
1914,622,622
1915,622,900
1916,623,623
1917,623,709
1918,623,762
1919,623,215
1920,624,624
1921,624,102
1922,624,785
1923,625,625
1924,625,564
1925,625,86
1926,625,210
1927,625,181
1928,626,626
1929,626,302
1930,626,86
1931,626,695
1932,626,384
1933,627,627
1934,627,365
1935,628,628
1936,628,403
1937,628,20
1938,629,629
1939,629,958
1940,629,971
1941,629,157
1942,630,630
1943,630,1081
1944,630,270
1945,630,376
1946,630,473
1947,631,631
1948,632,632
1949,632,345
1950,632,46
1951,632,633
1952,632,447
1953,633,633
1954,633,345
1955,633,632
1956,634,634
1957,634,603
1958,634,222
1959,634,962
1960,635,635
1961,635,856
1962,635,293
1963,635,545
1964,636,636
1965,636,926
1966,636,566
1967,637,637
1968,637,819
1969,638,638
1970,638,47
1971,639,639
1972,639,107
1973,639,660
1974,639,899
1975,640,640
1976,640,81
1977,641,641
1978,641,890
1979,641,98
1980,642,642
1981,642,844
1982,642,864
1983,642,49
1984,642,319
1985,643,643
1986,643,18
1987,644,644
1988,644,5
1989,644,315
1990,644,987
1991,645,645
1992,645,8
1993,646,646
1994,646,533
1995,647,647
1996,647,653
1997,647,989
1998,647,354
1999,648,648
2000,648,480
2001,648,377
2002,648,165
2003,649,649
2004,649,660
2005,650,650
2006,651,651
2007,651,950
2008,652,652
2009,652,142
2010,652,1026
2011,652,327
2012,652,382
2013,653,653
2014,653,647
2015,654,654
2016,654,480
2017,655,655
2018,655,840
2019,655,39
2020,655,991
2021,655,737
2022,656,656
2023,656,190
2024,656,40
2025,656,76
2026,657,657
2027,657,168
2028,657,312
2029,658,658
2030,658,374
2031,658,734
2032,659,659
2033,660,660
2034,660,639
2035,660,50
2036,660,778
2037,660,649
2038,661,661
2039,662,662
2040,662,569
2041,662,965
2042,663,663
2043,664,664
2044,665,665
2045,665,987
2046,665,146
2047,665,796
2048,665,51
2049,666,666
2050,667,667
2051,667,1075
2052,668,668
2053,669,669
2054,669,459
2055,669,839
2056,669,4
2057,670,670
2058,671,671
2059,672,672
2060,672,26
2061,672,494
2062,673,673
2063,673,100
2064,673,499
2065,673,574
2066,673,761
2067,674,674
2068,674,1019
2069,675,675
2070,675,26
2071,676,676
2072,677,677
2073,677,808
2074,677,679
2075,677,573
2076,677,300
2077,678,678
2078,678,98
2079,679,679
2080,679,389
2081,679,677
2082,679,300
2083,679,953
2084,680,680
2085,680,975
2086,680,220
2087,680,513
2088,681,681
2089,681,405
2090,682,682
2091,682,1023
2092,682,863
2093,683,683
2094,683,770
2095,683,365
2096,684,684
2097,685,685
2098,685,373
2099,685,17
2100,685,56
2101,685,826
2102,686,686
2103,686,997
2104,686,781
2105,686,230
2106,686,982
2107,687,687
2108,687,241
2109,687,588
2110,687,52
2111,687,509
2112,688,688
2113,688,322
2114,688,610
2115,688,200
2116,688,762
2117,689,689
2118,689,182
2119,689,596
2120,690,690
2121,690,1110
2122,690,575
2123,690,875
2124,691,691
2125,691,433
2126,691,895
2127,691,1025
2128,692,692
2129,692,429
2130,692,1090
2131,693,693
2132,694,694
2133,694,202
2134,694,719
2135,694,236
2136,695,695
2137,695,218
2138,695,626
2139,696,696
2140,696,253
2141,696,540
2142,696,388
2143,696,925
2144,697,697
2145,697,1042
2146,697,507
2147,698,698
2148,698,621
2149,698,97
2150,699,699
2151,699,358
2152,699,445
2153,700,700
2154,700,239
2155,700,857
2156,701,701
2157,701,587
2158,701,6
2159,701,200
2160,702,702
2161,702,455
2162,703,703
2163,704,704
2164,704,3
2165,704,87
2166,705,705
2167,705,23
2168,706,706
2169,706,312
2170,706,168
2171,707,707
2172,707,486
2173,708,708
2174,708,210
2175,708,333
2176,708,597
2177,709,709
2178,709,623
2179,710,710
2180,710,739
2181,710,369
2182,711,711
2183,711,509
2184,711,164
2185,711,33
2186,712,712
2187,712,562
2188,713,713
2189,714,714
2190,714,930
2191,714,823
2192,715,715
2193,715,993
2194,715,568
2195,716,716
2196,716,939
2197,716,938
2198,716,975
2199,716,719
2200,717,717
2201,718,718
2202,718,1072
2203,719,719
2204,719,982
2205,719,694
2206,719,593
2207,719,716
2208,720,720
2209,721,721
2210,721,960
2211,721,213
2212,722,722
2213,722,190
2214,722,325
2215,722,164
2216,723,723
2217,723,733
2218,724,724
2219,725,725
2220,725,265
2221,725,138
2222,725,752
2223,725,217
2224,726,726
2225,726,196
2226,727,727
2227,727,1088
2228,727,747
2229,727,418
2230,727,396
2231,728,728
2232,728,21
2233,728,1076
2234,728,438
2235,729,729
2236,730,730
2237,730,215
2238,730,257
2239,730,747
2240,730,709
2241,731,731
2242,731,508
2243,732,732
2244,732,964
2245,732,1023
2246,733,733
2247,733,723
2248,733,864
2249,733,856
2250,734,734
2251,734,658
2252,734,374
2253,735,735
2254,735,239
2255,735,1122
2256,735,507
2257,736,736
2258,736,295
2259,737,737
2260,737,736
2261,737,840
2262,737,655
2263,738,738
2264,738,1071
2265,738,213
2266,739,739
2267,739,806
2268,739,710
2269,739,97
2270,740,740
2271,740,45
2272,741,741
2273,741,1115
2274,741,287
2275,742,742
2276,743,743
2277,743,407
2278,743,1015
2279,743,240
2280,744,744
2281,745,745
2282,746,746
2283,746,1018
2284,746,461
2285,746,131
2286,747,747
2287,747,730
2288,747,727
2289,748,748
2290,748,753
2291,748,470
2292,748,314
2293,749,749
2294,749,262
2295,749,367
2296,749,532
2297,749,779
2298,750,750
2299,750,579
2300,751,751
2301,752,752
2302,752,265
2303,752,217
2304,752,725
2305,752,138
2306,753,753
2307,753,748
2308,753,314
2309,753,199
2310,753,22
2311,754,754
2312,754,1079
2313,754,136
2314,754,1089
2315,754,525
2316,755,755
2317,755,529
2318,755,72
2319,755,449
2320,756,756
2321,756,416
2322,756,304
2323,757,757
2324,757,456
2325,758,758
2326,758,557
2327,758,943
2328,758,828
2329,758,884
2330,759,759
2331,759,957
2332,759,185
2333,760,760
2334,760,440
2335,760,1026
2336,760,951
2337,761,761
2338,761,100
2339,762,762
2340,762,1113
2341,762,623
2342,762,873
2343,762,688
2344,763,763
2345,763,365
2346,763,1019
2347,763,522
2348,764,764
2349,764,171
2350,764,1072
2351,764,975
2352,765,765
2353,765,335
2354,766,766
2355,766,410
2356,766,1112
2357,767,767
2358,767,285
2359,767,1028
2360,767,53
2361,768,768
2362,768,500
2363,768,370
2364,768,422
2365,768,334
2366,769,769
2367,769,789
2368,770,770
2369,770,683
2370,770,31
2371,770,565
2372,771,771
2373,771,395
2374,772,772
2375,772,525
2376,772,38
2377,773,773
2378,774,774
2379,774,352
2380,774,787
2381,774,836
2382,774,1041
2383,775,775
2384,775,211
2385,776,776
2386,776,355
2387,776,842
2388,777,777
2389,777,507
2390,777,9
2391,777,365
2392,778,778
2393,778,232
2394,778,50
2395,778,692
2396,778,660
2397,779,779
2398,779,367
2399,779,954
2400,779,262
2401,779,749
2402,780,780
2403,780,420
2404,780,472
2405,781,781
2406,781,99
2407,781,686
2408,781,230
2409,781,410
2410,782,782
2411,782,458
2412,782,423
2413,782,415
2414,782,232
2415,783,783
2416,783,600
2417,784,784
2418,784,186
2419,784,275
2420,785,785
2421,785,310
2422,785,394
2423,785,624
2424,785,102
2425,786,786
2426,786,912
2427,787,787
2428,787,836
2429,787,1041
2430,787,774
2431,787,352
2432,788,788
2433,788,1029
2434,789,789
2435,789,0
2436,789,769
2437,789,934
2438,790,790
2439,790,918
2440,790,917
2441,791,791
2442,791,315
2443,792,792
2444,792,1029
2445,792,890
2446,792,558
2447,793,793
2448,793,964
2449,793,124
2450,794,794
2451,794,290
2452,794,391
2453,794,378
2454,794,29
2455,795,795
2456,795,10
2457,796,796
2458,796,146
2459,796,196
2460,796,665
2461,796,5
2462,797,797
2463,798,798
2464,798,63
2465,798,66
2466,799,799
2467,800,800
2468,800,1121
2469,800,85
2470,801,801
2471,801,162
2472,802,802
2473,802,909
2474,803,803
2475,803,948
2476,803,458
2477,804,804
2478,804,118
2479,805,805
2480,806,806
2481,806,739
2482,807,807
2483,807,1127
2484,808,808
2485,808,677
2486,809,809
2487,809,396
2488,809,90
2489,810,810
2490,810,1074
2491,810,855
2492,810,539
2493,811,811
2494,811,839
2495,811,140
2496,811,423
2497,812,812
2498,812,170
2499,812,151
2500,813,813
2501,813,983
2502,814,814
2503,814,321
2504,814,296
2505,814,1013
2506,814,263
2507,815,815
2508,815,801
2509,815,387
2510,816,816
2511,816,1126
2512,817,817
2513,817,995
2514,818,818
2515,818,175
2516,818,981
2517,819,819
2518,819,637
2519,820,820
2520,820,3
2521,820,1108
2522,820,390
2523,821,821
2524,821,236
2525,822,822
2526,822,439
2527,822,29
2528,822,73
2529,823,823
2530,823,930
2531,823,714
2532,824,824
2533,824,1119
2534,824,928
2535,824,539
2536,825,825
2537,825,934
2538,825,551
2539,825,874
2540,825,280
2541,826,826
2542,826,1048
2543,826,685
2544,826,373
2545,826,17
2546,827,827
2547,827,484
2548,828,828
2549,828,1114
2550,828,758
2551,828,943
2552,828,557
2553,829,829
2554,829,469
2555,830,830
2556,830,903
2557,831,831
2558,831,123
2559,831,238
2560,831,582
2561,832,832
2562,833,833
2563,833,1116
2564,833,91
2565,834,834
2566,834,899
2567,834,1002
2568,834,201
2569,834,204
2570,835,835
2571,835,245
2572,835,583
2573,835,26
2574,836,836
2575,836,787
2576,836,1041
2577,836,361
2578,836,774
2579,837,837
2580,837,1117
2581,837,412
2582,837,930
2583,838,838
2584,838,582
2585,838,876
2586,839,839
2587,839,811
2588,839,669
2589,840,840
2590,840,655
2591,840,737
2592,840,39
2593,841,841
2594,841,122
2595,841,858
2596,842,842
2597,842,1105
2598,842,96
2599,842,1027
2600,842,776
2601,843,843
2602,843,187
2603,844,844
2604,844,642
2605,844,430
2606,844,49
2607,845,845
2608,845,172
2609,846,846
2610,846,1047
2611,847,847
2612,847,922
2613,848,848
2614,848,408
2615,848,116
2616,849,849
2617,849,570
2618,849,1073
2619,850,850
2620,850,363
2621,850,924
2622,851,851
2623,851,194
2624,851,899
2625,852,852
2626,852,972
2627,852,80
2628,853,853
2629,853,298
2630,853,12
2631,853,416
2632,854,854
2633,854,316
2634,854,355
2635,855,855
2636,855,205
2637,855,1074
2638,855,539
2639,855,810
2640,856,856
2641,856,635
2642,856,733
2643,857,857
2644,857,397
2645,857,700
2646,858,858
2647,858,122
2648,858,841
2649,859,859
2650,860,860
2651,860,43
2652,860,257
2653,860,86
2654,860,1071
2655,861,861
2656,862,862
2657,862,270
2658,863,863
2659,863,682
2660,863,186
2661,863,224
2662,864,864
2663,864,733
2664,864,642
2665,864,545
2666,865,865
2667,865,92
2668,866,866
2669,866,920
2670,867,867
2671,867,1007
2672,867,706
2673,867,1112
2674,867,153
2675,868,868
2676,868,954
2677,869,869
2678,870,870
2679,871,871
2680,871,166
2681,872,872
2682,872,1045
2683,873,873
2684,873,762
2685,873,967
2686,874,874
2687,874,963
2688,874,280
2689,874,825
2690,874,203
2691,875,875
2692,875,1110
2693,875,690
2694,876,876
2695,876,1023
2696,877,877
2697,878,878
2698,878,1058
2699,879,879
2700,879,348
2701,880,880
2702,880,896
2703,880,492
2704,881,881
2705,881,932
2706,881,308
2707,881,131
2708,882,882
2709,882,281
2710,883,883
2711,883,308
2712,883,372
2713,884,884
2714,884,943
2715,884,758
2716,885,885
2717,885,1090
2718,885,948
2719,885,103
2720,885,1084
2721,886,886
2722,886,949
2723,886,894
2724,886,182
2725,886,178
2726,887,887
2727,887,605
2728,887,1112
2729,887,359
2730,888,888
2731,888,1063
2732,889,889
2733,889,402
2734,890,890
2735,890,558
2736,890,98
2737,890,792
2738,890,641
2739,891,891
2740,891,399
2741,891,485
2742,892,892
2743,892,946
2744,892,301
2745,892,248
2746,892,1016
2747,893,893
2748,893,464
2749,894,894
2750,894,182
2751,894,886
2752,894,178
2753,894,286
2754,895,895
2755,895,691
2756,896,896
2757,896,880
2758,897,897
2759,898,898
2760,899,899
2761,899,834
2762,899,851
2763,899,639
2764,900,900
2765,900,159
2766,900,622
2767,900,121
2768,901,901
2769,901,607
2770,901,1108
2771,902,902
2772,902,919
2773,902,582
2774,902,169
2775,903,903
2776,903,830
2777,904,904
2778,904,250
2779,904,1110
2780,905,905
2781,906,906
2782,906,400
2783,907,907
2784,907,404
2785,907,241
2786,908,908
2787,909,909
2788,909,1094
2789,910,910
2790,910,303
2791,911,911
2792,911,275
2793,912,912
2794,912,786
2795,912,478
2796,912,135
2797,913,913
2798,913,314
2799,913,1014
2800,913,956
2801,913,556
2802,914,914
2803,915,915
2804,915,321
2805,915,296
2806,916,916
2807,916,236
2808,916,202
2809,916,1093
2810,916,1072
2811,917,917
2812,917,790
2813,917,963
2814,917,109
2815,918,918
2816,918,790
2817,918,386
2818,919,919
2819,920,920
2820,920,866
2821,920,36
2822,920,1119
2823,921,921
2824,921,558
2825,922,922
2826,922,337
2827,922,847
2828,922,169
2829,922,344
2830,923,923
2831,923,598
2832,924,924
2833,924,379
2834,924,101
2835,924,850
2836,925,925
2837,925,540
2838,925,1020
2839,925,696
2840,926,926
2841,926,636
2842,927,927
2843,927,75
2844,927,85
2845,927,140
2846,928,928
2847,928,294
2848,928,824
2849,928,952
2850,929,929
2851,929,566
2852,929,119
2853,929,272
2854,929,330
2855,930,930
2856,930,823
2857,930,714
2858,931,931
2859,932,932
2860,932,881
2861,933,933
2862,933,983
2863,934,934
2864,934,825
2865,934,789
2866,935,935
2867,935,594
2868,936,936
2869,936,563
2870,936,488
2871,937,937
2872,937,375
2873,937,1053
2874,937,197
2875,937,147
2876,938,938
2877,938,153
2878,938,369
2879,938,716
2880,939,939
2881,939,716
2882,939,982
2883,940,940
2884,941,941
2885,942,942
2886,943,943
2887,943,884
2888,943,758
2889,943,828
2890,944,944
2891,945,945
2892,945,1006
2893,945,120
2894,946,946
2895,946,892
2896,946,144
2897,946,301
2898,946,1016
2899,947,947
2900,948,948
2901,948,803
2902,948,885
2903,949,949
2904,949,40
2905,949,886
2906,949,601
2907,950,950
2908,950,96
2909,950,128
2910,950,651
2911,951,951
2912,951,142
2913,951,760
2914,952,952
2915,952,294
2916,952,1119
2917,952,928
2918,952,205
2919,953,953
2920,953,389
2921,953,679
2922,954,954
2923,954,868
2924,954,779
2925,954,367
2926,955,955
2927,955,2
2928,955,162
2929,955,966
2930,955,1069
2931,956,956
2932,956,231
2933,956,477
2934,956,913
2935,956,992
2936,957,957
2937,957,759
2938,958,958
2939,958,629
2940,958,971
2941,959,959
2942,959,34
2943,959,970
2944,960,960
2945,960,721
2946,961,961
2947,961,291
2948,962,962
2949,962,287
2950,962,576
2951,962,634
2952,962,603
2953,963,963
2954,963,874
2955,963,917
2956,963,1085
2957,963,1049
2958,964,964
2959,964,732
2960,964,19
2961,964,50
2962,965,965
2963,966,966
2964,966,955
2965,966,240
2966,967,967
2967,967,553
2968,967,1001
2969,967,873
2970,968,968
2971,968,38
2972,968,525
2973,969,969
2974,969,128
2975,969,371
2976,970,970
2977,970,108
2978,970,959
2979,971,971
2980,971,958
2981,971,629
2982,972,972
2983,972,852
2984,972,80
2985,972,352
2986,972,1041
2987,973,973
2988,973,110
2989,973,1020
2990,973,1120
2991,973,388
2992,974,974
2993,974,526
2994,974,410
2995,974,171
2996,974,766
2997,975,975
2998,975,680
2999,975,220
3000,975,764
3001,975,716
3002,976,976
3003,976,306
3004,976,44
3005,976,999
3006,977,977
3007,977,167
3008,978,978
3009,978,346
3010,978,994
3011,978,78
3012,979,979
3013,979,1122
3014,979,214
3015,980,980
3016,980,1047
3017,980,482
3018,981,981
3019,981,818
3020,981,206
3021,981,157
3022,981,159
3023,982,982
3024,982,593
3025,982,719
3026,982,939
3027,982,686
3028,983,983
3029,983,933
3030,983,216
3031,983,405
3032,983,813
3033,984,984
3034,984,42
3035,985,985
3036,986,986
3037,986,1081
3038,987,987
3039,987,665
3040,987,644
3041,988,988
3042,989,989
3043,989,647
3044,989,1019
3045,989,111
3046,989,531
3047,990,990
3048,990,358
3049,990,374
3050,990,445
3051,990,585
3052,991,991
3053,991,198
3054,991,655
3055,991,68
3056,992,992
3057,992,602
3058,992,291
3059,992,501
3060,992,956
3061,993,993
3062,993,715
3063,993,344
3064,993,311
3065,993,86
3066,994,994
3067,994,281
3068,994,978
3069,994,46
3070,994,346
3071,995,995
3072,995,817
3073,996,996
3074,996,353
3075,996,183
3076,996,114
3077,996,562
3078,997,997
3079,997,593
3080,997,686
3081,998,998
3082,998,110
3083,999,999
3084,999,1063
3085,999,976
3086,1000,1000
3087,1001,1001
3088,1001,578
3089,1001,610
3090,1001,967
3091,1001,553
3092,1002,1002
3093,1002,834
3094,1003,1003
3095,1003,121
3096,1003,488
3097,1004,1004
3098,1005,1005
3099,1005,600
3100,1006,1006
3101,1006,945
3102,1006,681
3103,1006,187
3104,1007,1007
3105,1007,867
3106,1008,1008
3107,1008,147
3108,1008,197
3109,1008,1053
3110,1009,1009
3111,1010,1010
3112,1010,391
3113,1010,290
3114,1010,180
3115,1011,1011
3116,1012,1012
3117,1012,84
3118,1013,1013
3119,1013,592
3120,1013,1059
3121,1013,263
3122,1013,814
3123,1014,1014
3124,1014,199
3125,1014,913
3126,1015,1015
3127,1015,240
3128,1015,743
3129,1015,234
3130,1015,224
3131,1016,1016
3132,1016,301
3133,1016,248
3134,1016,892
3135,1016,946
3136,1017,1017
3137,1017,1044
3138,1017,243
3139,1018,1018
3140,1018,746
3141,1018,404
3142,1018,131
3143,1019,1019
3144,1019,763
3145,1019,989
3146,1019,674
3147,1019,284
3148,1020,1020
3149,1020,925
3150,1020,973
3151,1020,253
3152,1021,1021
3153,1021,544
3154,1022,1022
3155,1022,117
3156,1022,607
3157,1023,1023
3158,1023,876
3159,1023,732
3160,1023,682
3161,1024,1024
3162,1025,1025
3163,1025,691
3164,1025,27
3165,1026,1026
3166,1026,760
3167,1026,142
3168,1026,652
3169,1027,1027
3170,1027,96
3171,1028,1028
3172,1028,288
3173,1028,767
3174,1029,1029
3175,1029,30
3176,1029,792
3177,1029,788
3178,1030,1030
3179,1030,207
3180,1030,554
3181,1030,37
3182,1030,613
3183,1031,1031
3184,1031,484
3185,1031,11
3186,1031,149
3187,1031,589
3188,1032,1032
3189,1032,91
3190,1032,531
3191,1032,261
3192,1033,1033
3193,1034,1034
3194,1035,1035
3195,1035,1111
3196,1035,455
3197,1035,83
3198,1036,1036
3199,1036,41
3200,1037,1037
3201,1037,87
3202,1037,454
3203,1037,490
3204,1037,394
3205,1038,1038
3206,1038,249
3207,1038,152
3208,1038,322
3209,1038,889
3210,1039,1039
3211,1040,1040
3212,1040,1125
3213,1040,552
3214,1040,557
3215,1040,1114
3216,1041,1041
3217,1041,787
3218,1041,836
3219,1041,972
3220,1041,774
3221,1042,1042
3222,1042,697
3223,1043,1043
3224,1043,35
3225,1044,1044
3226,1044,1017
3227,1044,243
3228,1045,1045
3229,1046,1046
3230,1046,284
3231,1046,531
3232,1046,261
3233,1046,522
3234,1047,1047
3235,1047,846
3236,1047,980
3237,1047,1116
3238,1048,1048
3239,1048,826
3240,1049,1049
3241,1049,307
3242,1049,963
3243,1050,1050
3244,1051,1051
3245,1051,174
3246,1052,1052
3247,1053,1053
3248,1053,937
3249,1053,147
3250,1053,1008
3251,1053,197
3252,1054,1054
3253,1055,1055
3254,1055,581
3255,1055,275
3256,1055,487
3257,1056,1056
3258,1056,228
3259,1057,1057
3260,1058,1058
3261,1058,878
3262,1059,1059
3263,1059,263
3264,1059,1013
3265,1059,502
3266,1060,1060
3267,1061,1061
3268,1062,1062
3269,1063,1063
3270,1063,888
3271,1063,999
3272,1064,1064
3273,1065,1065
3274,1065,377
3275,1066,1066
3276,1066,1122
3277,1067,1067
3278,1067,103
3279,1068,1068
3280,1068,475
3281,1069,1069
3282,1069,418
3283,1069,384
3284,1069,865
3285,1069,955
3286,1070,1070
3287,1070,205
3288,1070,539
3289,1070,294
3290,1071,1071
3291,1071,738
3292,1071,860
3293,1072,1072
3294,1072,1093
3295,1072,718
3296,1072,764
3297,1072,916
3298,1073,1073
3299,1073,559
3300,1073,476
3301,1073,849
3302,1074,1074
3303,1074,855
3304,1074,810
3305,1075,1075
3306,1075,667
3307,1075,508
3308,1076,1076
3309,1076,43
3310,1076,348
3311,1076,728
3312,1077,1077
3313,1077,517
3314,1078,1078
3315,1078,597
3316,1079,1079
3317,1079,754
3318,1079,1089
3319,1080,1080
3320,1080,120
3321,1081,1081
3322,1081,630
3323,1081,270
3324,1081,986
3325,1082,1082
3326,1082,395
3327,1082,77
3328,1083,1083
3329,1083,516
3330,1083,621
3331,1084,1084
3332,1084,168
3333,1084,227
3334,1084,312
3335,1085,1085
3336,1085,386
3337,1085,307
3338,1085,20
3339,1085,963
3340,1086,1086
3341,1086,94
3342,1086,279
3343,1086,99
3344,1087,1087
3345,1087,448
3346,1088,1088
3347,1088,727
3348,1088,341
3349,1088,213
3350,1089,1089
3351,1089,1079
3352,1089,754
3353,1089,165
3354,1090,1090
3355,1090,50
3356,1090,885
3357,1090,429
3358,1090,692
3359,1091,1091
3360,1091,204
3361,1091,93
3362,1091,383
3363,1091,550
3364,1092,1092
3365,1092,444
3366,1093,1093
3367,1093,1072
3368,1093,916
3369,1093,53
3370,1094,1094
3371,1094,909
3372,1094,6
3373,1094,469
3374,1095,1095
3375,1096,1096
3376,1096,176
3377,1096,70
3378,1096,235
3379,1097,1097
3380,1098,1098
3381,1099,1099
3382,1099,160
3383,1099,88
3384,1099,615
3385,1100,1100
3386,1100,392
3387,1100,281
3388,1101,1101
3389,1102,1102
3390,1102,571
3391,1103,1103
3392,1104,1104
3393,1105,1105
3394,1106,1106
3395,1107,1107
3396,1107,145
3397,1108,1108
3398,1108,820
3399,1108,901
3400,1109,1109
3401,1109,360
3402,1109,8
3403,1109,435
3404,1110,1110
3405,1110,690
3406,1110,875
3407,1110,904
3408,1111,1111
3409,1111,83
3410,1111,1035
3411,1111,455
3412,1112,1112
3413,1112,766
3414,1112,887
3415,1112,605
3416,1113,1113
3417,1113,762
3418,1114,1114
3419,1114,828
3420,1114,1125
3421,1114,557
3422,1114,1040
3423,1115,1115
3424,1115,741
3425,1116,1116
3426,1116,833
3427,1116,1047
3428,1117,1117
3429,1117,837
3430,1117,930
3431,1117,412
3432,1118,1118
3433,1118,615
3434,1118,88
3435,1118,16
3436,1118,233
3437,1119,1119
3438,1119,920
3439,1119,36
3440,1119,824
3441,1119,952
3442,1120,1120
3443,1120,388
3444,1120,973
3445,1120,110
3446,1120,253
3447,1121,1121
3448,1121,800
3449,1121,406
3450,1122,1122
3451,1122,979
3452,1122,1066
3453,1122,735
3454,1122,214
3455,1123,1123
3456,1123,332
3457,1123,368
3458,1124,1124
3459,1124,22
3460,1125,1125
3461,1125,1040
3462,1125,552
3463,1125,1114
3464,1126,1126
3465,1126,550
3466,1126,816
3467,1127,1127
3468,1127,807
3469,1128,1128
3470,1128,426
